City_ID,City,Lat,Lng,Max Temp,Humidity,Cloudiness,Wind Speed,Country,Date
0,port-aux-francais,-49.35,70.2167,281.55,91,97,19.78,TF,1683873675
1,albany,42.6001,-73.9662,286.99,78,80,1.34,US,1683873676
2,qaqortoq,60.7167,-46.0333,274.78,87,100,1.93,GL,1683873678
3,afaahiti,-17.75,-149.2833,297.08,93,100,11.14,PF,1683873693
4,jand,33.4299,72.0193,308.13,14,4,1.32,PK,1683873964
5,udachny,66.4167,112.4,276.4,89,100,7.32,RU,1683873680
6,ushuaia,-54.8,-68.3,280.96,76,100,7.72,AR,1683873687
7,greymouth,-42.4667,171.2,281.89,66,4,1.15,NZ,1683873791
8,keflavik,64.0049,-22.5624,280.1,93,100,1.54,IS,1683873674
9,gao,16.6362,1.637,304.21,31,15,6.35,ML,1683873965
10,ust-nera,64.5667,143.2,277.81,58,100,1.09,RU,1683873687
11,vilyuchinsk,52.9306,158.4028,279.3,89,100,0.83,RU,1683873693
12,lobau,51.1,14.6667,291.16,53,12,3.54,DE,1683873965
13,waitangi,-43.9535,-176.5597,284.56,60,62,12.94,NZ,1683873678
14,grytviken,-54.2811,-36.5092,269.16,71,9,2.61,GS,1683873674
15,bethel,41.3712,-73.414,288.08,77,0,2.06,US,1683873675
16,tiksi,71.6872,128.8694,264.01,79,47,6.84,RU,1683873674
17,hamilton,39.1834,-84.5333,293.7,90,0,0.0,US,1683873435
18,hede,33.7681,120.2517,297.6,36,8,1.93,CN,1683873965
19,kodiak,57.79,-152.4072,278.88,87,100,5.14,US,1683873698
20,novyy turtkul',41.55,61.0167,304.1,17,0,3.11,UZ,1683873966
21,west island,-12.1568,96.8225,304.14,74,40,5.66,CC,1683873680
22,ribeira grande,38.5167,-28.7,289.14,77,20,4.12,PT,1683873683
23,lebu,-37.6167,-73.65,286.14,89,100,1.32,CL,1683873688
24,sao joao da barra,-21.6403,-41.0511,294.34,86,100,2.85,BR,1683873858
25,gardony,47.2094,18.6361,285.21,97,100,6.9,HU,1683873966
26,benjamin hill,30.1667,-111.1,291.7,33,0,2.36,MX,1683873966
27,adamstown,-25.066,-130.1015,295.47,65,100,8.04,PN,1683873675
28,opuwo,-18.0607,13.84,296.12,28,84,3.21,NA,1683873725
29,iqaluit,63.7506,-68.5145,266.0,93,75,1.03,CA,1683873678
30,colonia,50.9333,6.95,287.02,88,75,3.09,DE,1683873400
31,ibiruba,-28.6275,-53.0897,280.89,88,16,1.78,BR,1683873966
32,margaret river,-33.95,115.0667,291.28,56,100,6.22,AU,1683873677
33,saint-leu,-21.15,55.2833,300.9,82,100,1.91,RE,1683873966
34,invercargill,-46.4,168.35,281.49,95,100,1.34,NZ,1683873679
35,ilulissat,69.2167,-51.1,270.16,86,100,4.12,GL,1683873681
36,ventura,34.4667,-119.0176,279.9,87,5,1.43,US,1683873827
37,turpan,42.9333,89.1667,308.51,6,17,1.34,CN,1683873967
38,boulsa,12.6675,-0.5758,304.79,43,99,7.41,BF,1683873967
39,laborde,-33.1532,-62.8566,284.85,71,0,3.2,AR,1683873967
40,hawaiian paradise park,19.5933,-154.9731,294.88,94,100,2.57,US,1683873677
41,utrik,11.2278,169.8474,300.47,83,92,7.25,MH,1683873685
42,cockburn town,21.4612,-71.1419,299.68,77,24,5.8,TC,1683873726
43,puerto natales,-51.7236,-72.4875,279.32,76,17,5.33,CL,1683873676
44,souillac,-20.5167,57.5167,301.36,61,40,5.66,MU,1683873967
45,dakhla,23.6848,-15.958,292.16,82,29,7.72,EH,1683873967
46,oblivskaya,48.5362,42.5014,286.06,66,95,6.04,RU,1683873967
47,bilibino,68.0546,166.4372,274.13,99,100,1.29,RU,1683873680
48,longgang,37.6508,120.3286,294.34,47,1,2.57,CN,1683873968
49,yellowknife,62.456,-114.3525,281.44,61,20,2.06,CA,1683873675
50,isafjordur,66.0755,-23.124,277.43,98,100,1.71,IS,1683873685
51,whitehorse,60.7161,-135.0538,283.58,46,75,3.09,CA,1683873704
52,port elizabeth,-33.918,25.5701,288.31,88,20,5.66,ZA,1683873679
53,conde,-7.2597,-34.9075,297.85,88,20,2.06,BR,1683873725
54,hauterive,46.0901,3.4459,283.9,94,100,1.58,FR,1683873809
55,guatrache,-37.6678,-63.5302,282.97,68,97,4.98,AR,1683873968
56,sao felipe,-14.8167,-41.3833,293.74,89,31,1.07,BR,1683873968
57,iskateley,67.6803,53.1512,273.97,100,100,2.88,RU,1683873679
58,tofol,5.3248,163.0078,302.03,79,75,1.54,FM,1683873806
59,san antonio de pale,-1.4014,5.6325,301.28,77,100,4.97,GQ,1683873683
60,callao,-12.0667,-77.15,294.66,78,100,4.63,PE,1683873722
61,sassandra,4.95,-6.0833,300.14,85,100,1.21,CI,1683873969
62,indre arna,60.4247,5.4764,285.31,96,45,0.6,NO,1683873969
63,port mathurin,-19.6833,63.4167,298.65,78,29,9.28,MU,1683873692
64,blackmans bay,-43.0167,147.3167,284.65,66,11,2.48,AU,1683873674
65,bubaque,11.2833,-15.8333,299.29,70,100,6.17,GW,1683873851
66,howard springs,-12.497,131.047,304.25,32,100,2.72,AU,1683873766
67,coronel dorrego,-38.7187,-61.2873,285.51,46,100,7.58,AR,1683873784
68,shuangjiang,26.1547,109.7138,294.0,67,92,2.39,CN,1683873969
69,forster,-32.1667,152.5167,292.12,81,0,0.89,AU,1683873695
70,avarua,-21.2078,-159.775,299.18,78,75,7.72,CK,1683873686
71,thunder bay,48.4001,-89.3168,283.1,87,0,1.54,CA,1683873628
72,maputo,-25.9653,32.5892,294.94,82,20,0.89,MZ,1683873969
73,college,64.8569,-147.8028,287.33,55,75,2.57,US,1683873702
74,eyl,7.9803,49.8164,304.92,56,11,6.86,SO,1683873877
75,nieuw amsterdam,5.8833,-55.0833,297.6,92,99,2.74,SR,1683873970
76,thompson,55.7435,-97.8558,281.24,66,20,4.12,CA,1683873702
77,nyagan,62.1406,65.3936,284.21,34,100,3.18,RU,1683873970
78,kirensk,57.7853,108.1119,285.29,36,100,4.54,RU,1683873695
79,port moresby,-9.4431,147.1797,300.83,89,75,2.57,PG,1683873724
80,san luis de la loma,17.2706,-100.8939,299.89,81,70,1.13,MX,1683873787
81,port hedland,-20.3167,118.5667,304.18,23,5,5.14,AU,1683873688
82,midvagur,62.0511,-7.1939,282.61,93,100,3.09,FO,1683873721
83,chimore,-16.9833,-65.1333,295.03,81,100,0.74,BO,1683873970
84,trincomalee,8.5711,81.2335,305.61,65,100,9.21,LK,1683873783
85,tromso,69.6496,18.957,280.03,87,75,6.17,NO,1683873970
86,carnarvon,-24.8667,113.6333,297.89,59,0,5.33,AU,1683873683
87,beau vallon,-20.4189,57.6953,301.28,61,40,5.66,MU,1683873841
88,limon,10.0,-83.0333,299.29,84,1,2.11,CR,1683873814
89,hermanus,-34.4187,19.2345,283.6,71,51,8.8,ZA,1683873686
90,edinburgh of the seven seas,-37.0676,-12.3116,290.44,89,100,13.01,SH,1683873676
91,nemuro,43.3236,145.575,279.96,75,34,5.89,JP,1683873690
92,emerald,-23.5333,148.1667,297.23,46,98,5.09,AU,1683873799
93,olonkinbyen,70.9221,-8.7187,274.04,95,100,8.76,SJ,1683873680
94,bredasdorp,-34.5322,20.0403,285.75,69,100,7.36,ZA,1683873698
95,papatowai,-46.5619,169.4708,283.19,92,44,3.41,NZ,1683873685
96,st. john's,47.5649,-52.7093,275.36,74,40,5.66,CA,1683873724
97,anadyr,64.75,177.4833,275.43,80,0,2.0,RU,1683873685
98,palikir - national government center,6.9248,158.1611,302.56,79,75,1.03,FM,1683873856
99,pisco,-13.7,-76.2167,293.18,77,100,1.54,PE,1683873714
100,tazovsky,67.4667,78.7,262.5,81,8,4.31,RU,1683873694
101,okhotsk,59.3833,143.3,275.72,81,100,3.76,RU,1683873637
102,hadibu,12.65,54.0333,303.4,64,65,1.09,YE,1683873674
103,alpena,45.0617,-83.4327,284.33,90,0,0.45,US,1683873776
104,alofi,-19.0595,-169.9187,298.09,88,100,2.57,NU,1683873702
105,punta arenas,-53.15,-70.9167,280.21,65,0,5.14,CL,1683873706
106,mbuji-mayi,-6.15,23.6,298.93,63,62,2.68,CD,1683873972
107,lihue,21.9789,-159.3672,295.73,93,100,4.63,US,1683873686
108,jamestown,42.097,-79.2353,287.95,75,0,0.0,US,1683873675
109,stanley,54.868,-1.6985,281.64,95,100,4.63,GB,1683873676
110,petropavlovsk-kamchatsky,53.0452,158.6483,278.48,70,75,5.0,RU,1683873694
111,kailua-kona,19.6406,-155.9956,299.13,86,20,4.63,US,1683873697
112,new norfolk,-42.7826,147.0587,285.31,59,30,0.89,AU,1683873583
113,chonchi,-42.6128,-73.8092,285.99,99,100,0.75,CL,1683873707
114,gamay,12.3854,125.2979,302.11,73,63,3.34,PH,1683873972
115,cessnock,-32.8333,151.35,295.08,55,3,1.3,AU,1683873972
116,qui nhon,13.7667,109.2333,301.63,82,100,4.23,VN,1683873448
117,awjilah,29.1081,21.2869,297.43,33,0,0.98,LY,1683873791
118,homer,59.6425,-151.5483,281.37,74,0,5.81,US,1683873972
119,katabu,-4.9333,122.5167,303.02,69,78,2.01,ID,1683873972
120,klungkung,-8.5333,115.4,302.57,73,43,4.13,ID,1683873973
121,kingston,17.997,-76.7936,299.68,83,20,1.54,JM,1683873680
122,taro,-8.3862,115.28,299.18,79,75,1.81,ID,1683873730
123,klerksdorp,-26.8521,26.6667,291.46,28,8,2.12,ZA,1683873973
124,kapa'a,22.0752,-159.319,296.14,92,100,4.63,US,1683873684
125,buala,-8.145,159.5921,301.28,84,100,4.63,SB,1683873973
126,taveta,-3.3963,37.6736,297.83,66,82,2.02,KE,1683873973
127,vorgashor,67.5833,63.95,270.06,82,9,4.09,RU,1683873696
128,bamboo flat,11.7,92.7167,302.89,76,100,10.26,IN,1683873771
129,paveh,35.0434,46.3565,295.47,26,0,3.32,IR,1683873973
130,ilhabela,-23.7781,-45.3581,292.72,85,54,2.69,BR,1683873768
131,bereeda,11.8704,51.0579,304.35,64,12,3.29,SO,1683873973
132,klyuchi,52.2667,79.1667,290.67,25,6,3.11,RU,1683873726
133,codrington,-38.2667,141.9667,286.06,69,0,2.44,AU,1683873718
134,arraial do cabo,-22.9661,-42.0278,294.92,78,1,5.9,BR,1683873677
135,mariehamn,60.0973,19.9348,284.07,62,0,3.6,AX,1683873804
136,pitimbu,-7.4706,-34.8086,298.48,80,57,2.97,BR,1683873974
137,laguna,38.421,-121.4238,290.14,73,0,2.06,US,1683873692
138,nuuk,64.1835,-51.7216,273.49,86,75,8.23,GL,1683873685
139,enewetak,11.3474,162.3373,300.71,83,100,7.06,MH,1683873728
140,egilsstadir,65.2653,-14.3948,282.1,71,75,7.2,IS,1683873711
141,luanda,-8.8368,13.2343,299.15,89,20,3.09,AO,1683873650
142,hithadhoo,-0.6,73.0833,301.8,74,100,6.6,MV,1683873681
143,susuman,62.7833,148.1667,277.55,78,100,1.53,RU,1683873678
144,hammerfest,70.6634,23.6821,278.4,100,75,6.69,NO,1683873707
145,moroto,2.5345,34.6666,297.84,50,24,1.04,UG,1683873974
146,armacao de buzios,-22.7469,-41.8817,292.18,88,17,4.65,BR,1683873690
147,bethanie,-26.4833,17.15,287.38,54,100,1.54,NA,1683873974
148,birzebbuga,35.8258,14.5269,289.9,88,0,3.09,MT,1683873975
149,saki,8.6667,3.3833,297.64,89,100,2.33,NG,1683873975
150,nova sintra,14.8667,-24.7167,292.69,84,39,8.87,CV,1683873694
151,hancheng,32.5186,112.3522,304.52,19,93,2.86,CN,1683873975
152,necochea,-38.5473,-58.7368,281.57,71,100,5.12,AR,1683873701
153,neckargemund,49.3922,8.7942,286.34,92,100,1.4,DE,1683873975
154,taoudenni,22.6783,-3.9836,305.62,10,99,2.76,ML,1683873715
155,cabo san lucas,22.8909,-109.9124,295.66,43,100,0.45,MX,1683873681
156,puerto lempira,15.2667,-83.7667,298.69,89,82,3.28,HN,1683873975
157,port alfred,-33.5906,26.891,287.69,98,100,1.34,ZA,1683873676
158,veraval,20.9,70.3667,307.33,48,4,7.46,IN,1683873521
159,bridgewater,44.3835,-64.5155,279.32,98,77,1.54,CA,1683873975
160,longyearbyen,78.2186,15.6401,268.06,74,75,3.09,SJ,1683873675
161,aykhal,66.0,111.5,274.45,98,85,8.14,RU,1683873681
162,camana,-16.6228,-72.7111,291.78,86,4,2.41,PE,1683873854
163,adrar,20.5022,-10.0711,300.16,24,2,3.33,MR,1683873728
164,alaghsas,17.0187,8.0168,304.09,22,100,8.23,NE,1683873708
165,la passe,45.5549,-0.8967,285.36,79,83,2.91,FR,1683873682
166,fort st. john,56.2499,-120.8529,287.09,51,40,3.6,CA,1683873529
167,yartsevo,55.0667,32.6964,290.04,45,86,2.35,RU,1683873976
168,kandi,11.1342,2.9386,301.48,59,97,3.5,BJ,1683873976
169,rio grande,-32.035,-52.0986,288.03,61,35,2.91,BR,1683873857
170,tsaratanana,-16.7833,47.65,300.47,53,8,3.83,MG,1683873976
171,mina clavero,-31.721,-65.0062,285.51,81,2,2.25,AR,1683873976
172,sitka,57.0531,-135.33,285.09,54,100,5.66,US,1683873768
173,woolgoolga,-30.1106,153.2007,294.08,71,12,2.78,AU,1683873804
174,tekkali,18.6167,84.2333,308.53,46,100,6.44,IN,1683873977
175,dickinson,29.4608,-95.0513,299.91,90,100,6.69,US,1683873977
176,tibiri,13.5627,7.0485,299.34,78,0,0.0,NE,1683873977
177,fale old settlement,-9.3852,-171.2468,302.0,75,19,5.63,TK,1683873686
178,alice springs,-23.7,133.8833,294.9,18,0,7.2,AU,1683873710
179,haverfordwest,51.8017,-4.9691,286.25,89,0,0.89,GB,1683873977
180,wailua homesteads,22.0669,-159.378,295.39,92,100,4.63,US,1683873674
181,dwarka,22.2394,68.9678,305.15,57,0,7.62,IN,1683873847
182,calama,-22.4667,-68.9333,281.42,14,0,8.75,CL,1683873724
183,fortuna,40.5982,-124.1573,285.18,95,100,0.0,US,1683873809
184,las tablas,7.7667,-80.2833,300.47,99,88,0.93,PA,1683873977
185,georgetown,5.4112,100.3354,308.12,66,20,4.63,MY,1683873675
186,anna regina,7.2644,-58.5077,297.87,91,100,3.78,GY,1683873977
187,talnakh,69.4865,88.3972,260.49,76,22,3.88,RU,1683873678
188,sabancuy,18.9667,-91.1833,301.25,71,32,5.49,MX,1683873978
189,remire-montjoly,4.9167,-52.2667,296.17,100,100,0.51,GF,1683873679
190,puerto cortez,15.8333,-87.95,297.34,84,100,3.02,HN,1683873978
191,port lincoln,-34.7333,135.8667,288.76,61,8,4.28,AU,1683873681
192,cambria,35.5641,-121.0808,287.73,90,0,0.89,US,1683873854
193,kinkala,-4.3614,14.7644,297.97,87,100,0.7,CG,1683873978
194,karratha,-20.7377,116.8463,302.44,22,0,6.48,AU,1683873766
195,bamusso,4.4591,8.9027,300.08,83,99,1.34,CM,1683873978
196,tralee,52.2704,-9.7026,283.29,93,100,1.03,IE,1683873774
197,pontes e lacerda,-15.2261,-59.3353,292.57,97,72,1.07,BR,1683873978
198,san patricio,28.017,-97.5169,300.28,96,40,4.96,US,1683873699
199,nova olimpia,-14.7972,-57.2881,293.11,98,22,0.67,BR,1683873978
200,mount isa,-20.7333,139.5,302.02,23,0,4.63,AU,1683873807
201,thief river falls,48.1191,-96.1812,291.11,52,0,5.66,US,1683873978
202,melo,-32.3667,-54.1833,285.51,80,100,1.5,UY,1683873979
203,colachel,8.1667,77.25,304.3,67,76,4.85,IN,1683873979
204,lagoa,39.05,-27.9833,289.51,88,100,4.26,PT,1683873845
205,atafu village,-8.5421,-172.5159,301.75,77,7,5.49,TK,1683873674
206,mani,4.8172,-72.2886,295.47,95,100,1.56,CO,1683873979
207,yuzhno-kurilsk,44.0306,145.8556,280.03,70,100,1.74,RU,1683873685
208,praia da vitoria,38.7333,-27.0667,289.68,94,75,2.46,PT,1683873727
209,taltal,-25.4,-70.4833,289.05,83,27,0.42,CL,1683873715
210,youghal,51.95,-7.8506,283.71,100,10,4.39,IE,1683873979
211,taft,31.7471,54.2088,299.12,18,0,3.09,IR,1683873800
212,vallenar,-28.5708,-70.7581,289.72,68,4,0.35,CL,1683873979
213,richards bay,-28.783,32.0377,295.26,79,88,4.64,ZA,1683873800
214,barah,13.7,30.3667,309.6,24,0,3.82,SD,1683873867
215,klamath falls,42.2249,-121.7817,285.91,69,0,1.54,US,1683873933
216,macau,22.2006,113.5461,298.04,88,40,5.66,MO,1683873695
217,pedernales,18.0384,-71.744,298.91,64,1,1.18,DO,1683873980
218,terrace,54.5163,-128.6035,287.1,54,100,4.12,CA,1683873923
219,tvoroyri,61.5556,-6.8111,281.93,81,100,5.04,FO,1683873980
220,maple glen,40.0156,-79.9767,287.06,84,73,1.3,US,1683873980
221,zalari,53.5584,102.5065,293.38,31,30,4.1,RU,1683873980
222,minas de marcona,-15.2119,-75.1103,286.47,91,33,2.94,PE,1683873686
223,panaba,21.2833,-88.2667,297.87,89,88,3.43,MX,1683873980
224,salisbury,51.0693,-1.7957,284.91,87,100,6.69,GB,1683873981
225,porbandar,21.6422,69.6093,307.22,47,0,6.9,IN,1683873981
226,pikalevo,59.5183,34.1664,290.22,40,12,3.11,RU,1683873981
227,cold lake,54.4502,-110.2017,285.12,66,75,1.03,CA,1683873981
228,dano,11.15,-3.0667,302.77,53,75,4.17,BF,1683873981
229,medvedovskaya,45.4531,39.0258,288.27,62,8,2.94,RU,1683873981
230,quellon,-43.1167,-73.6167,286.29,94,100,1.54,CL,1683873716
231,tirumullaivasal,11.2333,79.8333,308.31,50,100,3.94,IN,1683873981
232,ulladulla,-35.35,150.4667,288.09,73,83,2.01,AU,1683873713
233,pankrushikha,53.8319,80.3406,289.02,37,20,5.12,RU,1683873981
234,pindushi,62.9152,34.58,290.11,37,12,3.06,RU,1683873713
235,badger,64.8,-147.5333,287.29,52,40,2.57,US,1683873690
236,mtambile,-5.3833,39.7,300.09,79,7,4.3,TZ,1683873803
237,alibag,18.6411,72.8792,307.19,62,18,5.03,IN,1683873982
238,gorgan,36.8387,54.4348,296.13,69,75,5.14,IR,1683873798
239,amqui,48.4638,-67.4313,278.61,80,92,2.32,CA,1683873771
240,la gi,10.6667,107.7833,304.16,65,100,4.45,VN,1683873679
241,campo mourao,-24.0456,-52.3831,282.72,66,27,2.13,BR,1683873982
242,port augusta,-32.5,137.7667,291.84,53,0,6.12,AU,1683873776
243,libog,13.2349,123.7778,302.67,68,28,3.23,PH,1683873982
244,gemena,3.25,19.7667,300.05,72,32,0.88,CD,1683873982
245,beyneu,45.3167,55.2,294.83,46,18,6.53,KZ,1683873696
246,skelleftea,64.7507,20.9528,291.48,54,0,3.6,SE,1683873982
247,damara,4.9608,18.7035,299.36,79,21,0.82,CF,1683873982
248,kisesa,-3.0833,34.15,295.08,67,14,2.39,TZ,1683873983
249,al bawiti,28.3492,28.8659,296.61,40,0,7.12,EG,1683873983
250,ridder,50.355,83.5133,284.92,93,100,0.52,KZ,1683873983
251,ta`u,-14.2336,-169.5144,301.11,77,19,5.35,AS,1683873705
252,vila franca do campo,37.7167,-25.4333,289.38,89,88,1.38,PT,1683873694
253,payyannur,12.1,75.2,305.39,60,100,3.14,IN,1683873983
254,saint-philippe,-21.3585,55.7679,300.92,77,100,5.08,RE,1683873683
255,naze,28.3667,129.4833,295.66,63,44,3.43,JP,1683873696
256,mar del plata,-38.0023,-57.5575,283.76,87,0,2.06,AR,1683873479
257,harstad,68.799,16.5293,280.46,100,100,5.36,NO,1683873983
258,pacific grove,36.6177,-121.9166,285.2,87,0,2.06,US,1683873710
259,nadym,65.5333,72.5167,267.24,73,95,2.13,RU,1683873854
260,bodden town,19.2833,-81.25,300.89,85,6,7.52,KY,1683873983
261,kone,-21.0595,164.8658,296.3,72,99,2.14,NC,1683873701
262,port saint john's,-31.6229,29.5448,294.03,71,99,5.13,ZA,1683873723
263,xi'an,34.2583,108.9286,302.6,21,9,4.01,CN,1683873984
264,daru,-9.0763,143.2092,299.58,90,100,5.66,PG,1683873694
265,aleg,17.0481,-13.9209,302.04,29,0,5.44,MR,1683873850
266,nova vicosa,-17.8919,-39.3719,297.05,84,90,1.62,BR,1683873705
267,sona,45.4388,10.8255,286.92,95,75,1.54,IT,1683873801
268,wiehl,50.95,7.5333,285.53,91,100,4.47,DE,1683873984
269,morehead city,34.7229,-76.726,293.72,77,0,4.12,US,1683873729
270,chui,-33.6971,-53.4616,285.31,72,29,1.65,UY,1683873984
271,haiku-pauwela,20.9219,-156.3051,296.51,65,40,5.14,US,1683873687
272,culpeper,38.5004,-77.9664,289.8,94,0,0.0,US,1683873962
273,tuyen quang,21.8233,105.2181,303.35,53,97,1.05,VN,1683873984
274,fortaleza,-3.7227,-38.5247,300.22,83,40,2.06,BR,1683873600
275,aasiaat,68.7098,-52.8699,267.64,96,100,3.32,GL,1683873703
276,constantia,44.1833,28.65,286.53,59,100,6.51,RO,1683873687
277,saint-pierre,-21.3393,55.4781,301.24,57,0,2.57,RE,1683873783
278,mejit,10.2753,170.8646,300.3,83,71,7.72,MH,1683873874
279,puerto ayora,-0.7393,-90.3518,298.46,100,24,2.9,EC,1683873674
280,acarau,-2.8856,-40.12,297.69,88,40,2.79,BR,1683873598
281,tidjikja,18.5564,-11.4271,302.85,14,94,5.15,MR,1683873696
282,christchurch,-43.5333,172.6333,283.26,80,96,2.06,NZ,1683873720
283,gulf shores,30.246,-87.7008,295.93,62,20,3.09,US,1683873874
284,yelizovo,53.1873,158.3805,279.23,70,75,5.0,RU,1683873985
285,nar'yan-mar,67.6713,53.087,274.04,100,100,2.81,RU,1683873712
286,rongelap,11.1635,166.8941,300.73,83,13,7.65,MH,1683873688
287,brookings,44.3114,-96.7984,291.58,92,0,4.63,US,1683873783
288,padang,-0.9492,100.3543,305.18,69,16,2.24,ID,1683873985
289,wajir,1.7471,40.0573,301.13,65,40,5.14,KE,1683873985
290,crane,31.3974,-102.3501,295.87,11,0,1.85,US,1683873790
291,dudinka,69.4058,86.1778,260.72,89,74,6.71,RU,1683873681
292,blackfoot,43.1905,-112.345,285.67,61,98,1.08,US,1683873753
293,murashi,59.3999,48.9615,288.14,47,84,2.5,RU,1683873986
294,khark,29.2614,50.3306,307.16,26,0,0.0,IR,1683873986
295,songkhla,6.8333,100.6667,309.18,46,99,3.36,TH,1683873986
296,tabou,4.423,-7.3528,300.37,84,100,1.67,CI,1683873687
297,arkhangel'sk,64.5401,40.5433,286.62,60,28,2.02,RU,1683873729
298,raja,8.4596,25.678,305.1,43,38,2.29,SS,1683873986
299,khash,28.2211,61.2158,305.41,11,2,2.95,IR,1683873986
300,tura,25.5198,90.2201,309.34,22,100,2.17,IN,1683873677
301,tsiombe,-25.3,45.4833,301.74,49,4,1.69,MG,1683873834
302,otradnaya,44.3933,41.5206,286.52,67,18,3.47,RU,1683873986
303,puerto deseado,-47.7503,-65.8938,285.37,50,100,7.0,AR,1683873987
304,sultanah,24.4926,39.5857,303.4,9,0,2.06,SA,1683873861
305,banda aceh,5.5577,95.3222,304.38,64,100,3.84,ID,1683873789
306,wellington,-41.2866,174.7756,286.96,83,75,7.72,NZ,1683873738
307,fort bragg,35.139,-79.006,291.38,80,0,2.57,US,1683873789
308,tavricheskoye,54.5851,73.6395,285.1,31,1,4.43,RU,1683873987
309,touros,-5.1989,-35.4608,297.52,90,89,3.65,BR,1683873452
310,khandyga,62.6667,135.6,278.96,57,100,2.72,RU,1683873692
311,barabai,-2.5833,115.3833,307.44,51,83,1.5,ID,1683873987
312,sukumo,32.9333,132.7333,294.15,50,100,2.42,JP,1683873987
313,akureyri,65.6835,-18.0878,283.11,66,75,6.69,IS,1683873690
314,semey,50.4111,80.2275,286.27,62,40,5.0,KZ,1683873987
315,mount pearl,47.5166,-52.7813,274.9,74,40,5.66,CA,1683873688
316,saipan,15.1355,145.701,306.54,100,40,4.63,MP,1683873693
317,concepcion,-36.827,-73.0498,284.04,100,100,3.09,CL,1683873799
318,ketchikan,55.3422,-131.6461,284.14,87,100,3.09,US,1683873920
319,labrador city,52.9463,-66.9114,270.1,93,0,2.06,CA,1683873697
320,geraldton,-28.7667,114.6,298.38,44,47,6.69,AU,1683873698
321,jayapura,-2.5333,140.7,305.81,76,73,2.45,ID,1683873722
322,makurazaki,31.2667,130.3167,292.91,65,100,4.88,JP,1683873988
323,myrina,39.8797,25.0742,286.73,72,20,6.69,GR,1683873988
324,gadzhiyevo,69.2551,33.3362,276.25,100,100,4.0,RU,1683873797
325,balikpapan,-1.2675,116.8289,304.7,79,20,1.54,ID,1683873988
326,norilsk,69.3535,88.2027,260.61,84,51,4.3,RU,1683873923
327,luganville,-15.5333,167.1667,300.19,76,100,6.93,VU,1683873988
328,muisne,0.6,-80.0333,299.39,86,100,0.98,EC,1683873698
329,manokwari,-0.8667,134.0833,301.53,78,33,2.18,ID,1683873687
330,kapuskasing,49.4169,-82.4331,285.2,93,40,3.09,CA,1683873693
331,mineral wells,32.8085,-98.1128,298.86,83,100,4.12,US,1683873989
332,nikolayevsk-on-amure,53.1406,140.73,287.69,39,86,1.43,RU,1683873723
333,bure,10.7,37.0667,299.29,24,5,0.9,ET,1683873989
334,kerikeri,-35.2268,173.9474,284.21,82,0,2.06,NZ,1683873679
335,caleta de carquin,-11.0925,-77.6267,294.46,86,100,3.15,PE,1683873989
336,leo,11.1,-2.1,302.26,53,99,4.84,BF,1683873989
337,dolinsk,47.35,142.8,282.85,51,5,1.65,RU,1683873989
338,koysinceq,36.0821,44.6278,301.76,23,6,1.82,IQ,1683873989
339,peterhead,57.5058,-1.7981,282.37,86,100,2.75,GB,1683873971
340,kristiansund,63.1115,7.732,283.18,93,75,1.54,NO,1683873685
341,acapulco de juarez,16.8634,-99.8901,301.05,74,40,1.54,MX,1683873787
342,labytnangi,66.6572,66.4183,270.15,88,100,2.81,RU,1683873730
343,vorkuta,67.5,64.0,270.48,81,9,3.88,RU,1683873631
344,selfoss,63.9331,-20.9971,280.95,99,100,5.46,IS,1683873692
345,antsiranana,-12.2787,49.2917,301.57,57,20,6.17,MG,1683873800
346,kununurra,-15.7667,128.7333,302.14,17,77,5.66,AU,1683873872
347,campo gallo,-26.5833,-62.85,286.89,77,9,2.36,AR,1683873990
348,bandarbeyla,9.4942,50.8122,305.53,58,27,6.35,SO,1683873990
349,malango,-2.9627,119.9001,300.56,71,53,1.87,ID,1683873777
350,nuku'alofa,-21.1333,-175.2,298.34,88,20,2.57,TO,1683873696
351,meadow lake,34.8014,-106.5436,289.86,31,0,0.59,US,1683873808
352,howrah,22.5892,88.3103,307.15,62,40,3.09,IN,1683873688
353,sansanne-mango,10.3592,0.4708,302.17,62,98,1.67,TG,1683873990
354,monrovia,6.3005,-10.7969,298.02,83,100,0.54,LR,1683873707
355,saudarkrokur,65.7461,-19.6394,281.46,80,100,7.95,IS,1683873847
356,mossel bay,-34.1831,22.146,284.11,83,100,11.49,ZA,1683873807
357,bayanhongor,46.7167,100.1167,284.61,33,100,6.22,MN,1683873773
358,arar,30.9753,41.0381,302.16,15,0,5.66,SA,1683873808
359,santa elena de uairen,4.6167,-61.1333,292.06,97,100,0.9,VE,1683873864
360,balcarce,-37.8462,-58.2552,278.75,85,87,3.12,AR,1683873990
361,watsa,3.0372,29.5355,297.92,66,100,1.23,CD,1683873991
362,labasa,-16.4167,179.3833,298.15,88,23,2.82,FJ,1683873770
363,galesong,-5.3166,119.3661,306.16,71,0,5.01,ID,1683873991
364,ganshui,28.7422,106.7111,296.98,57,61,1.98,CN,1683873991
365,runing,33.0011,114.3542,303.24,26,100,3.58,CN,1683873991
366,guadalupe,25.6833,-100.25,299.94,84,75,5.14,MX,1683873991
367,calabozo,8.9242,-67.4293,298.91,63,100,1.34,VE,1683873991
368,halifax,44.6453,-63.5724,279.15,93,28,1.54,CA,1683873991
369,magadan,59.5667,150.8,280.67,80,32,1.84,RU,1683873679
370,alice town,25.7167,-79.3,299.17,70,17,8.16,BS,1683873991
371,magong,23.5654,119.5863,296.08,86,58,5.59,TW,1683873991
372,itamaraju,-17.0392,-39.5311,292.8,96,100,0.91,BR,1683873992
373,huambo,-12.7761,15.7392,288.04,58,0,1.54,AO,1683873992
374,beidao,34.5686,105.8933,297.56,22,51,0.71,CN,1683873849
375,sisimiut,66.9395,-53.6735,269.91,82,100,5.05,GL,1683873683
376,juegang,32.3174,121.1855,293.84,44,42,1.2,CN,1683873992
377,arno,60.1167,18.6333,280.81,42,30,3.89,SE,1683873992
378,villamontes,-21.25,-63.5,292.32,69,100,1.26,BO,1683873992
379,i-n-salah,27.1935,2.4607,303.48,12,58,3.61,DZ,1683873992
380,sirte,31.2089,16.5887,293.84,60,0,4.16,LY,1683873992
381,luderitz,-26.6481,15.1594,288.26,70,85,12.48,NA,1683873696
382,kushnarenkovo,55.105,55.3508,285.18,59,100,6.39,RU,1683873852
383,santiago,-33.4569,-70.6483,289.42,58,0,2.06,CL,1683873809
384,rurrenabaque,-14.4413,-67.5278,293.16,93,100,0.86,BO,1683873771
385,puerto baquerizo moreno,-0.9,-89.6,298.94,88,18,3.65,EC,1683873689
386,inarajan village,13.2736,144.7484,304.69,86,37,3.24,GU,1683873993
387,yarkovo,57.4028,67.0786,283.84,29,1,2.15,RU,1683873993
388,lazaro cardenas,17.9583,-102.2,299.94,77,100,2.62,MX,1683873868
389,fort mcmurray,56.7268,-111.381,287.92,47,0,3.6,CA,1683873703
390,le treport,50.0598,1.3758,283.71,91,100,6.11,FR,1683873993
391,dauphin,51.1494,-100.0502,288.23,63,75,1.03,CA,1683873993
392,sungai penuh,-2.0833,101.3833,299.46,71,48,0.61,ID,1683873711
393,cole harbour,44.6724,-63.4751,278.86,93,20,1.54,CA,1683873993
394,rio preto da eva,-2.6994,-59.6997,295.53,99,100,0.8,BR,1683873994
395,kuta,-8.7233,115.1723,303.15,74,40,9.39,ID,1683873994
396,kimberley,-28.7323,24.7623,288.98,48,100,2.06,ZA,1683873994
397,bam,29.106,58.357,307.43,11,5,4.27,IR,1683873774
398,karaikal,10.9167,79.8333,307.37,53,100,5.89,IN,1683873994
399,newport,51.5877,-2.9984,285.62,87,100,6.36,GB,1683873994
400,al bardiyah,31.7561,25.0865,293.79,60,0,6.33,LY,1683873994
401,polyarnyy,69.1989,33.4478,276.76,99,100,4.4,RU,1683873686
402,mary,37.0,62.5,303.82,22,11,4.33,TM,1683873994
403,pihuamo,19.2499,-103.3828,294.13,86,7,0.56,MX,1683873995
404,kourou,5.1552,-52.6478,296.18,92,100,2.69,GF,1683873869
405,chulakkurgan,43.765,69.1814,302.52,22,98,4.06,KZ,1683873995
406,rabigh,22.7986,39.0349,310.17,17,0,3.52,SA,1683873995
407,kongsvinger,60.1905,11.9977,287.07,29,97,1.37,NO,1683873995
408,chibougamau,49.9168,-74.3659,285.94,62,100,2.57,CA,1683873719
409,mount gambier,-37.8333,140.7667,286.22,65,0,2.53,AU,1683873679
410,pyhajarvi,67.0701,27.2176,278.46,100,100,2.06,FI,1683873995
411,oranjestad,12.524,-70.027,300.12,83,20,7.72,AW,1683873857
412,queanbeyan,-35.35,149.2333,289.1,55,24,3.6,AU,1683873995
413,yverdon-les-bains,46.7785,6.6412,285.19,84,100,2.57,CH,1683873975
414,portland,45.5234,-122.6762,289.91,71,39,0.89,US,1683873624
415,benghazi,32.1167,20.0667,292.96,64,0,3.18,LY,1683873748
416,sidi akkacha,36.4647,1.3026,290.31,73,43,4.28,DZ,1683873995
417,brooks,50.5834,-111.8851,283.73,95,38,1.03,CA,1683873996
418,kokopo,-4.352,152.2633,299.09,89,100,2.25,PG,1683873996
419,narasannapeta,18.4167,84.05,307.88,50,100,5.34,IN,1683873790
420,robit,12.0167,39.6333,298.72,47,50,2.06,ET,1683873996
421,gandajika,-6.75,23.95,297.63,59,15,2.45,CD,1683873996
422,hiratacho,35.4333,132.8167,296.13,38,75,4.63,JP,1683873996
423,axim,4.8699,-2.2405,300.71,82,100,1.19,GH,1683873713
424,tanjungbalai,2.9667,99.8,303.08,69,77,2.37,ID,1683873996
425,gereida,11.2811,25.1414,307.27,32,23,1.9,SD,1683873996
426,coquimbo,-29.9533,-71.3436,286.0,100,100,0.51,CL,1683873682
427,timimoun,29.2639,0.231,298.36,18,0,2.57,DZ,1683873730
428,kolokani,13.5728,-8.0339,303.96,16,100,2.73,ML,1683873858
429,lompoc,34.6391,-120.4579,285.11,86,100,9.39,US,1683873608
430,trondheim,63.4305,10.3951,284.18,83,99,0.6,NO,1683873682
431,sao vicente,-23.9631,-46.3919,294.25,26,100,2.53,BR,1683873766
432,ganjam,19.3833,85.0667,305.7,60,100,4.65,IN,1683873997
433,usogorsk,63.4106,48.6872,287.27,63,82,4.05,RU,1683873775
434,marshall,34.3834,-86.3333,293.32,95,0,0.0,US,1683873642
435,t'aebaek,37.1759,128.9889,287.74,71,100,1.41,KR,1683873997
436,aldinga beach,-35.2793,138.4604,291.73,71,43,5.11,AU,1683873856
437,batie,9.8833,-2.9167,299.93,72,47,3.99,BF,1683873997
438,salaqi,40.5414,110.5108,293.85,17,0,8.5,CN,1683873997
439,tolanaro,-25.0319,46.9987,298.19,83,40,9.77,MG,1683873680
440,airuk,7.2772,168.8203,300.87,83,100,6.99,MH,1683873779
441,swakopmund,-22.6833,14.5333,287.62,88,100,1.08,NA,1683873701
442,ballina,-28.8667,153.5667,292.6,84,6,3.06,AU,1683873718
443,benguela,-12.5763,13.4055,299.77,71,4,1.72,AO,1683873997
444,flying fish cove,-10.4217,105.6791,300.97,89,100,5.66,CX,1683873708
445,kirakira,-10.4544,161.9205,300.56,84,55,4.72,SB,1683873706
446,nehe,48.4833,124.8333,292.72,39,100,4.99,CN,1683873998
447,tateyama,34.9833,139.8667,291.36,60,71,4.47,JP,1683873804
448,talcahuano,-36.7167,-73.1167,283.97,100,100,3.09,CL,1683873998
449,ust'-ilimsk,58.0006,102.6619,286.16,41,100,4.24,RU,1683873804
450,barrouallie,13.2333,-61.2667,298.09,80,100,3.9,VC,1683873998
451,mingyue,43.1069,128.9217,293.61,32,100,3.57,CN,1683873998
452,macae,-22.3708,-41.7869,292.01,100,75,0.51,BR,1683873779
453,tezu,27.9167,96.1667,309.13,21,98,1.63,IN,1683873998
454,saldanha,-33.0117,17.9442,284.18,69,0,14.07,ZA,1683873775
455,dunedin,-45.8742,170.5036,286.93,71,100,4.92,NZ,1683873767
456,iskushuban,10.2837,50.23,305.65,46,12,1.43,SO,1683873999
457,colares,38.7992,-9.4469,289.44,73,20,10.73,PT,1683873999
458,semirara,12.0697,121.3986,302.05,76,53,6.41,PH,1683873999
459,port isabel,26.0734,-97.2086,300.41,91,100,5.66,US,1683873999
460,guerrero negro,27.9769,-114.0611,287.83,80,80,9.49,MX,1683873688
461,filadelfia,39.9523,-75.1638,291.57,78,0,3.09,US,1683873902
462,harrisburg,40.2737,-76.8844,288.58,79,0,1.79,US,1683873999
463,levuka,50.1834,-105.4011,284.05,93,100,5.67,CA,1683873805
464,kongolo,-5.3833,27.0,298.7,71,85,2.14,CD,1683873999
465,al mayadin,35.0209,40.4535,304.13,17,52,5.9,SY,1683873999
466,ola,59.5833,151.2833,281.01,81,65,2.37,RU,1683873681
467,vila do maio,15.1333,-23.2167,295.59,85,28,7.98,CV,1683873875
468,koh kong,11.6175,102.9806,305.05,59,63,3.19,KH,1683874000
469,bikenibeu village,1.3673,173.1241,303.13,74,20,4.12,KI,1683873699
470,sao jose da coroa grande,-8.8978,-35.1478,298.02,81,55,2.29,BR,1683873714
471,abasolo,20.45,-101.5167,292.81,25,6,2.33,MX,1683874000
472,ancud,-41.8697,-73.8203,285.21,97,100,2.29,CL,1683873712
473,gaiman,-43.2897,-65.4929,287.48,51,100,4.73,AR,1683873791
474,krasnoufimsk,56.6059,57.7669,288.09,43,100,4.9,RU,1683874000
475,huarmey,-10.0681,-78.1522,295.35,87,100,3.41,PE,1683873794
476,zabaykal'sk,49.6333,117.3167,289.26,14,52,8.83,RU,1683873701
477,kenai,60.5544,-151.2583,284.2,57,100,3.09,US,1683873855
478,dosso,13.049,3.1937,304.81,42,100,3.61,NE,1683874000
479,severnoye,56.3491,78.3619,282.45,29,3,4.59,RU,1683873791
480,afif,23.9065,42.9172,305.76,5,2,0.94,SA,1683874000
481,uturoa,-16.7333,-151.4333,297.38,88,100,8.6,PF,1683873699
482,antigonish,45.6169,-61.9986,278.61,91,56,0.45,CA,1683873768
483,bassar,9.25,0.7833,298.83,80,87,1.67,TG,1683874001
484,leava,-14.3,-178.1667,301.54,75,7,8.14,WF,1683873691
485,al jawf,29.5,38.75,305.52,8,0,4.73,SA,1683873681
486,sabathu,30.9719,76.9933,300.52,29,75,3.09,IN,1683874001
487,valparaiso,-33.0393,-71.6273,290.95,56,0,1.54,CL,1683873915
488,soto la marina,23.7667,-98.2167,297.83,91,9,1.22,MX,1683874001
489,duck lake,52.8168,-106.2344,286.27,61,100,1.6,CA,1683874001
490,sault ste. marie,46.5168,-84.3333,287.31,89,0,2.57,CA,1683874001
491,nadi,-17.8,177.4167,300.15,65,20,3.09,FJ,1683873878
492,najaf,31.9985,44.3398,305.03,22,0,3.09,IQ,1683874001
493,meadow lakes,61.6247,-149.6011,284.62,61,75,2.57,US,1683873872
494,merlo,-32.3429,-65.014,285.51,82,1,1.39,AR,1683874001
495,warrenton,-28.114,24.8475,291.41,29,100,4.67,ZA,1683874001
496,chitipa,-9.7024,33.2697,293.92,70,16,2.92,MW,1683874002
497,sao miguel,-5.4667,-35.3667,297.58,87,47,3.64,BR,1683874002
498,aleksandrovsk-sakhalinskiy,50.8975,142.1561,279.66,61,0,3.06,RU,1683874002
499,belmonte,-15.8631,-38.8828,296.47,87,100,1.55,BR,1683874002
500,akcaabat,41.0212,39.5715,286.08,100,75,0.51,TR,1683874002
501,jinxiang,27.4327,120.6062,291.45,72,97,1.44,CN,1683874002
502,abepura,-2.6333,140.5833,305.6,58,20,2.57,ID,1683873806
503,ibb,13.9667,44.1833,297.32,28,21,1.7,YE,1683874002
504,castillos,-34.1667,-53.8333,284.74,68,28,0.54,UY,1683873730
505,bata,1.8639,9.7658,300.35,80,100,1.4,GQ,1683874002
506,rasulnagar,32.3285,73.7814,312.89,7,98,1.19,PK,1683874002
507,sinabang,2.4803,96.3801,303.78,69,27,4.38,ID,1683873782
508,namibe,-15.1961,12.1522,296.33,71,1,2.73,AO,1683873678
509,inhambane,-23.865,35.3833,295.93,83,3,3.17,MZ,1683874003
510,bumba,2.1833,22.4667,296.64,92,100,1.92,CD,1683874003
511,zuunmod,47.7069,106.9528,284.72,25,62,4.72,MN,1683874003
512,xilin hot,43.9667,116.0333,288.66,45,94,6.66,CN,1683873842
513,lycksele,64.5954,18.6735,285.08,54,40,2.57,SE,1683873728
514,vizianagaram,18.1167,83.4167,307.88,34,100,3.28,IN,1683874003
515,banes,20.9625,-75.7186,297.89,86,65,2.82,CU,1683874003
516,malyn,50.7723,29.2383,286.82,59,5,2.09,UA,1683874003
517,nagato,34.3833,131.2,293.18,66,100,1.34,JP,1683874003
518,winkler,49.1817,-97.941,289.15,58,100,3.09,CA,1683874003
519,tarko-sale,64.9225,77.785,266.42,72,100,5.09,RU,1683873698
520,leninskoye,41.7589,69.3864,300.55,31,98,7.42,KZ,1683874004
521,wynyard,-41.0,145.7167,286.22,63,0,2.93,AU,1683873809
522,huilong,31.8111,121.655,292.9,53,99,1.65,CN,1683873683
523,sabang,5.8933,95.3214,302.58,70,100,2.67,ID,1683873797
524,antofagasta,-23.65,-70.4,289.75,83,43,1.04,CL,1683873771
525,azna,33.6095,48.9307,297.51,18,0,2.42,IR,1683874004
526,caraballeda,10.6112,-66.8522,298.19,88,40,0.51,VE,1683874004
527,illizi,26.4833,8.4667,295.04,17,100,5.15,DZ,1683873802
528,shingu,33.7333,135.9833,292.91,56,100,1.8,JP,1683873555
529,taybad,34.74,60.7756,299.94,29,100,8.11,IR,1683874004
530,genhe,50.7833,121.5167,285.28,74,100,4.62,CN,1683873700
531,swinoujscie,53.9105,14.2471,289.92,44,9,3.09,PL,1683874004
532,lauro de freitas,-12.8944,-38.3272,298.16,94,40,0.51,BR,1683874004
533,mili,6.0815,171.735,301.19,81,100,8.87,MH,1683873694
534,kismayo,-0.3582,42.5454,302.45,71,98,6.61,SO,1683874004
535,ubauro,28.1652,69.7289,317.63,8,0,3.07,PK,1683874005
536,guiuan,11.0333,125.7247,302.21,72,91,4.39,PH,1683874005
537,chernyshevskiy,63.0128,112.4714,276.91,87,100,4.34,RU,1683873787
538,hassi messaoud,31.6804,6.0729,301.07,17,71,6.69,DZ,1683874005
539,port blair,11.6667,92.75,302.87,76,100,10.21,IN,1683873687
540,arrah,25.5667,84.6667,311.09,6,0,3.63,IN,1683874005
541,timmins,48.4669,-81.3331,283.05,93,75,1.54,CA,1683874005
542,kalmunai,7.4167,81.8167,305.84,61,97,1.64,LK,1683873845
543,itambacuri,-18.0311,-41.685,294.29,94,100,1.2,BR,1683874005
544,kavaratti,10.5669,72.642,302.76,70,70,2.51,IN,1683873689
545,tarawa,1.419,172.984,303.2,74,20,4.12,KI,1683874005
546,tete,-16.1564,33.5867,296.2,68,0,0.0,MZ,1683874005
547,beni mellal,32.3373,-6.3498,286.94,67,0,1.03,MA,1683874005
548,taroa,8.7058,171.2275,300.73,84,98,7.19,MH,1683874006
549,pont rouge,48.8833,-72.0825,288.31,66,100,2.72,CA,1683873797
550,lata,40.1629,-8.3327,285.33,62,0,2.71,PT,1683873712
551,rosarito,32.3333,-117.0333,289.06,79,54,2.34,MX,1683874006
552,fayroz koh,34.5195,65.2509,291.51,27,21,1.47,AF,1683874006
553,anar darah,32.7587,61.654,306.24,13,0,8.68,AF,1683874006
554,divnomorskoye,44.5011,38.1353,288.5,47,49,4.72,RU,1683874006
555,kaa-khem,51.6833,94.7333,287.14,63,100,5.88,RU,1683873719
556,okha,53.5739,142.9478,280.41,68,38,1.89,RU,1683874006
557,mersa matruh,31.3525,27.2453,293.26,77,40,4.63,EG,1683873842
558,pathein,16.7833,94.7333,300.97,76,100,3.99,MM,1683873833
559,boryeong,36.3493,126.5977,293.13,52,100,2.86,KR,1683874006
560,crockett,31.3182,-95.4566,297.14,100,100,0.0,US,1683873781
561,greenville,35.6127,-77.3663,290.16,92,0,1.54,US,1683873734
562,kupang,-10.1667,123.5833,303.47,58,20,8.23,ID,1683873805
563,val-d'or,48.1002,-77.7828,285.2,94,0,3.09,CA,1683874007
564,zouerate,22.7187,-12.4521,300.56,29,55,2.33,MR,1683873696
